{
  "id": "2561efd1-0187-48bf-947e-ba157c01199b",
  "name": "V3Blank \u2014 Early Industrial Japan (Canon)",
  "version": "1.1.6",
  "supported_game_version": "1.9.*",
  "short_description": "Blank world except canon Japan. Explicit prereq-closed techs incl. pre\u2011steam navy; canon laws; minimal institutions; extra history folders blanked.",
  "tags": [
    "Gameplay",
    "Alternate History"
  ],
  "relationships": [],
  "game_custom_data": {
    "multiplayer_synchronized": true,
    "replace_paths": [
      "common/history/",
      "common/history/ai",
      "common/history/buildings",
      "common/history/characters",
      "common/history/conscription",
      "common/history/countries",
      "common/history/diplomacy",
      "common/history/diplomatic_plays",
      "common/history/global",
      "common/history/government_setup",
      "common/history/governments",
      "common/history/interests",
      "common/history/lobbies",
      "common/history/military_deployments",
      "common/history/military_formations",
      "common/history/political_movements",
      "common/history/pops",
      "common/history/population",
      "common/history/power_blocs",
      "common/history/production_methods",
      "common/history/states",
      "common/history/trade",
      "common/history/treaties",
      "common/on_actions"
    ]
  }
}