{
  "id": "800cc7d0-6cdb-47b2-a243-6b8c31bd3ef8",
  "name": "Vic3 Blank History Start (Full Mirror + Minimal Boot)",
  "version": "1.0.1",
  "supported_game_version": "1.9.*",
  "short_description": "Blanks every common/history category with safe placeholders; keeps a tiny minimal state/pops/buildings/global so New Game loads.",
  "tags": [
    "Gameplay"
  ],
  "relationships": [],
  "game_custom_data": {
    "multiplayer_synchronized": true,
    "replace_paths": [
      "common/history/ai",
      "common/history/buildings",
      "common/history/characters",
      "common/history/common/history/",
      "common/history/conscription",
      "common/history/countries",
      "common/history/diplomacy",
      "common/history/diplomatic_plays",
      "common/history/global",
      "common/history/government_setup",
      "common/history/governments",
      "common/history/interests",
      "common/history/lobbies",
      "common/history/military_deployments",
      "common/history/military_formations",
      "common/history/political_movements",
      "common/history/pops",
      "common/history/population",
      "common/history/power_blocs",
      "common/history/production_methods",
      "common/history/states",
      "common/history/trade",
      "common/history/treaties"
    ]
  }
}