culture,count
algonquian,32
quechua,18
tupinamba,8
tatar,8
oodham,6
cherokee,6
siouan,6
aborigine,5
patagonian,5
equatorial_bantu,5
mashriqi,4
bedouin,4
nahua,4
athabaskan,4
guarani,4
muskogean,3
north_german,3
aimara,3
telegu,3
filipino,3
cree,3
tarascan,2
uzbek,2
buryat,2
akan,2
hindustani,2
yakut,2
dakota,2
cariban,2
paiute,2
mande,2
iroquoian,2
sumatran,2
salish,2
sotho,2
north_caucasian,2
miskito,2
mongol,2
azerbaijani,2
siberian,2
muisca,2
mayan,2
oromo,2
wolof,2
amhara,1
marathi,1
navajo,1
baluchi,1
tswana,1
bakongo,1
shan,1
south_italian,1
ugrian,1
ovimbundu,1
kalmyk,1
comanche,1
alemannic,1
bashkir,1
fulbe,1
shona,1
lacustrine_bantu,1
bundeli,1
lao,1
caddoan,1
teda,1
tigray,1
hawaiian,1
bambara,1
xhosa,1
nez_perce,1
bengali,1
apache,1
kirgiz,1
kru,1
min,1
tonga,1
berber,1
tamil,1
rajput,1
metis,1
khoisan,1
hokan,1
makua,1
guajiro,1
